{
  "commands": {
    "SEGMENTAR": {
      "mean": [
        0.04781715199351311,
        0.35901135206222534,
        0.32960501313209534,
        0.6495468020439148,
        0.4953143894672394,
        0.698670506477356,
        0.22888141870498657,
        0.13382191956043243,
        0.006781469099223614,
        0.0002945954038295895,
        7.647331585758366e-06,
        1.509842832092545e-06,
        1.399073880747892e-06,
        1.4310911637949175e-06,
        1.4564826642526896e-06,
        1.4699733128509251e-06
      ],
      "std": [
        0.06796877831220627,
        0.26165318489074707,
        0.464061975479126,
        0.8080872297286987,
        0.7793234586715698,
        1.288995623588562,
        0.5106865167617798,
        0.3147231936454773,
        0.015427611768245697,
        0.0008968336042016745,
        2.716326343943365e-05,
        7.703028131800238e-06,
        8.257755325757898e-06,
        8.708259883860592e-06,
        9.02424562809756e-06,
        9.187133400700986e-06
      ],
      "count": 115
    },
    "COMPRIMIR": {
      "mean": [
        0.06364031136035919,
        0.3279857933521271,
        0.2197015881538391,
        0.03823965787887573,
        0.1874016374349594,
        0.791196346282959,
        0.38788849115371704,
        0.0521707758307457,
        0.00020998239051550627,
        3.5695666156243533e-06,
        3.1047011361806653e-06,
        3.204757604180486e-06,
        3.317054733997793e-06,
        3.4160734685428906e-06,
        3.4883451007772237e-06,
        3.5263010431663133e-06
      ],
      "std": [
        0.06529541313648224,
        0.32510897517204285,
        0.34741246700286865,
        0.05152801424264908,
        0.2671757936477661,
        1.7182586193084717,
        0.9081544280052185,
        0.2050921618938446,
        0.0005347201367840171,
        1.4036204447620548e-05,
        1.5496008927584626e-05,
        1.6982701708911918e-05,
        1.8280492440680973e-05,
        1.9313527445774525e-05,
        2.0030282030347735e-05,
        2.0397594198584557e-05
      ],
      "count": 66
    },
    "CIFRAR": {
      "mean": [
        0.03689482808113098,
        0.4506126940250397,
        0.5492866039276123,
        0.3674145042896271,
        0.23474527895450592,
        0.16929829120635986,
        0.06292542815208435,
        0.00913468562066555,
        0.0008823694079183042,
        2.910254079324659e-05,
        6.144874760138919e-07,
        3.978926201853028e-07,
        3.8527554124812013e-07,
        3.775513448545098e-07,
        3.729768138782674e-07,
        3.7083540860294306e-07
      ],
      "std": [
        0.025551293045282364,
        0.19981248676776886,
        0.3598943054676056,
        0.6371771693229675,
        0.24057459831237793,
        0.2797774076461792,
        0.07171094417572021,
        0.017898231744766235,
        0.004532338585704565,
        0.0001703254529275,
        1.7783174826035975e-06,
        1.568991137901321e-06,
        1.5477972965527442e-06,
        1.533763338557037e-06,
        1.525162019788695e-06,
        1.5210628134809667e-06
      ],
      "count": 42
    }
  },
  "config": {
    "fs": 16000,
    "N": 4096,
    "K": 16,
    "window": "hamming"
  }
}